{"entities":{"pages":{"Default-topic":{"id":"Default-topic","title":"This is the first topic","url":"default-topic.html","level":0,"tabIndex":0},"Play-with-semantic-attributes":{"id":"Play-with-semantic-attributes","title":"Use semantic attributes in Markdown","url":"play-with-semantic-attributes.html","level":0,"tabIndex":1},"Add-semantic-elements-to-Markdown":{"id":"Add-semantic-elements-to-Markdown","title":"Add semantic elements to Markdown","url":"add-semantic-elements-to-markdown.html","level":0,"tabIndex":2},"Convert-Markdown-to-XML":{"id":"Convert-Markdown-to-XML","title":"Convert Markdown to XML","url":"convert-markdown-to-xml.html","level":0,"tabIndex":3},"Quickly-add-images-links-and-tables":{"id":"Quickly-add-images-links-and-tables","title":"Quickly add images, links, and tables","url":"quickly-add-images-links-and-tables.html","level":0,"tabIndex":4},"Add-Mermaid-diagrams":{"id":"Add-Mermaid-diagrams","title":"Add Mermaid diagrams","url":"add-mermaid-diagrams.html","level":0,"tabIndex":5},"Add-math-formulas":{"id":"Add-math-formulas","title":"Add math formulas","url":"add-math-formulas.html","level":0,"tabIndex":6}}},"topLevelIds":["Default-topic","Play-with-semantic-attributes","Add-semantic-elements-to-Markdown","Convert-Markdown-to-XML","Quickly-add-images-links-and-tables","Add-Mermaid-diagrams","Add-math-formulas"]}